<?xml version="1.0" encoding="UTF-8"?>
<flow xmlns="http://www.springframework.org/schema/webflow"
	xmlns:xsi="http://www.w3.org/2001/XMLSchema-instance"
	xsi:schemaLocation="http://www.springframework.org/schema/webflow
        http://www.springframework.org/schema/webflow/spring-webflow-2.0.xsd">

	<var name="message" class="com.caveofprogramming.spring.web.dao.Message" />

	<view-state id="showContactForm" model="message">
		<transition on="send" to="sendMessage"></transition>
	</view-state>
	
	<action-state id="sendMessage">
		<evaluate expression="usersService.sendMessage(message)"></evaluate>
		<transition to="messageSent"></transition>
	</action-state>

	<view-state id="messageSent">
	</view-state>

</flow>