<?xml version="1.0" encoding="UTF-8"?>
<beans xmlns="http://www.springframework.org/schema/beans"
	xmlns:xsi="http://www.w3.org/2001/XMLSchema-instance"
	xmlns:security="http://www.springframework.org/schema/security"
	xsi:schemaLocation="http://www.springframework.org/schema/security http://www.springframework.org/schema/security/spring-security-3.1.xsd
		http://www.springframework.org/schema/beans http://www.springframework.org/schema/beans/spring-beans.xsd">


	<security:authentication-manager>
		<security:authentication-provider>
			<security:user-service>
				<security:user name="John" authorities="admin"
					password="letmein" />
				<security:user name="Zog" authorities="admin"
					password="iamzog" />
			</security:user-service>
		</security:authentication-provider>
		<security:authentication-provider>
			<security:jdbc-user-service data-source-ref="dataSource" />
		</security:authentication-provider>
	</security:authentication-manager>

	<security:http use-expressions="true">
		<security:intercept-url pattern="/createoffer" access="isAuthenticated()" />
		<security:intercept-url pattern="/docreate" access="isAuthenticated()" />
		<security:intercept-url pattern="/offercreated" access="isAuthenticated()" />
		<security:intercept-url pattern="/" access="permitAll" />
		<security:intercept-url pattern="/static/**" access="permitAll" />
		<security:intercept-url pattern="/login" access="permitAll" />
		<security:intercept-url pattern="/offers" access="permitAll" />
		<security:intercept-url pattern="/**" access="denyAll" />
		<security:form-login login-page="/login"
			authentication-failure-url="/login?error=true" />
	</security:http>
</beans>
